업체명,패턴
제일랩,First Lab
제일랩,제일
다솔물환경연구소,다솔물
기림생명과학원,기림
피엘아이환경기술연구원,PLI
피엘아이환경기술연구원,피엘아이
우솔환경연구원,우솔환경
그린환경,그린환경
바른환경연구소,바른환경
바른환경연구소,바른 환경
워터스생활환경연구소,워터스
키위수질시험센터,키위
농생명EM환경연구센터,농생명
한울생명과학,한울
신성생명환경연구원,신성생명
혜성환경,혜성
혜성환경,혜성환경
상록엔바이로,상록엔
KOTITI시험연구원,KOTI
중앙생명연구원,중앙생명
맑은물분석연구원,맑은물
엔텍분석연구원,엔텍
그린센터,GREENCENTER
그린센터,그린센터
워트랩생활환경연구원,WATERLAB
워트랩생활환경연구원,워트랩
한국종합공해시험연구소,한국종합공해
한국종합공해시험연구소,한국 종합
이산친환경연구원,이산친환경
농협축산연구원,농협
동진생명연구원,동진생명
수앤수물환경연구원,수앤수
한국환경수도연구원,한국환경
한국환경수도연구원,한국 환경
